,precision,recall,f1-score,support
C0,0.8892045454545454,0.8859326351542598,0.8875655749326528,3533.0
C1,0.8825512784490025,0.8825512784490025,0.8825512784490025,3559.0
C2,0.8523862375138734,0.8448844884488449,0.8486187845303867,3636.0
C3,0.8735005452562704,0.8843499861992824,0.8788917843917158,3623.0
accuracy,0.8742944742526653,0.8742944742526653,0.8742944742526653,0.8742944742526653
macro avg,0.8744106516684229,0.8744295970628474,0.8744068555759396,14351.0
weighted avg,0.8742616189920438,0.8742944742526653,0.8742646513581448,14351.0
